WORD;;UNIT;CAT;DIF;TRANS1;TRANS2;TRANS3
zdolnoœæ;;1;n;1;ability;umiejêtnoœæ;
zdolny;;1;adj;1;able;zdatny;
dok³adny;;1;adj;2;accurate;trafny;
zaleta;;1;n;1;advantage;przewaga;
¿¹dny przygód;;1;adj;2;adventurous;awanturniczy;œmia³y
ambitny;;1;adj;1;ambitious;;
przewidywanie;;1;n;2;anticipation;oczekiwanie;
wygl¹d;;1;n;2;appearance;pojawienie siê;
podejœcie;;1;n;2;approach;zbli¿enie siê;
asertywny;;1;adj;2;assertive;;
postawa;;1;n;2;attitude;stosunek;nastawienie
widownia;;1;n;2;audience;publicznoœæ;
pomocniczy;;1;adj;2;auxiliary;posi³kowy;
œwiadomoœæ;;1;n;2;awareness;;
w zasadzie;;1;adv;2;basically;gruntownie;przede wszystkim
dwujêzyczny;;1;adj;3;bilingual;;
w³adczy;;1;adj;2;bossy;apodyktyczny;
b³yskotliwy;;1;adj;2;brilliant;znakomity;
niedbale;;1;adv;2;casually;swobodnie;mimochodem
ostro¿ny;;1;adj;2;cautious;przezorny;
pewny;;1;adj;1;certain;pewien;
prawid³owo;;1;adv;1;correctly;poprawnie;dobrze
zaciekawiony;;1;adj;2;curious;ciekawski;
obecnie;;1;adv;2;currently;bie¿¹co;
klient;;1;n;2;customer;;
rowerzysta;;1;n;2;cyclist;;
rozwiniêty;;1;adj;1;developed;rozbudowany;
zdekoncentrowany;;1;adj;3;distracted;rozkojarzony;
wyluzowany;;1;adj;2;easy-going;zrelaksowany;wyrozumia³y
wysi³ek;;1;n;2;effort;;
pracobiorca;;1;n;3;employee;pracownik;
pracodawca;;1;n;2;employer;;
ogromny;;1;adj;2;enormous;olbrzymi;astronomiczny
zasadniczy;;1;adj;3;essential;istotny;
zrównowa¿ony;;1;adj;3;even-tempered;opanowany;
podniecenie;;1;n;2;excitement;podekscytowanie;
niezwyk³y;;1;adj;2;extraordinary;nadzwyczajny;zadziwiaj¹cy
s³awa;;1;n;1;fame;rozg³os;
wina;;1;n;2;fault;wada;
¿eñski;;1;adj;1;female;;
niewiele;;1;adv;1;few;;
re¿yser filmowy;;1;n;1;film director;;
by³y przywódca;;1;n;2;former leader;;
hojny;;1;adj;2;generous;szczodry;wspania³omyœlny
stopniowo;;1;adv;2;gradually;;
nawykowy;;1;adj;1;habitual;na³ogowy;
pracowity;;1;adj;1;hard-working;robotny;
g³owa pañstwa;;1;n;1;head of state;;
niezdecydowany;;1;adj;2;indecisive;niestanowczy;
nieokreœlony;;1;adj;3;indefinable;;
wp³yw;;1;n;2;influence;oddzia³ywanie;
ubezpieczenie;;1;n;2;insurance;;
odsetki;;1;n;2;interest;zainteresowanie;
introspekcyjny;;1;adj;2;introspective;;
os¹d;;1;n;2;judgement;ocena;wyrok
brak;;1;n;2;lack;;
trwa³y;;1;adj;2;lasting ;sta³y;
mniej;;1;adv;1;less;;
bibliotekarz;;1;n;2;librarian;;
wiêkszoœæ;;1;n;2;majority;;
mêski;;1;adj;1;male;;
znaczenie;;1;n;1;meaning;sens ;
niegroŸny, lekki;;1;adj;2;minor;drobny;
jednoszynowy;;1;adj;3;monorail;;
humorzasty;;1;adj;2;moody;;
muzyk;;1;n;2;musician;;
jedynak, jedynaczka;;1;n;2;only child;;
o otwartym umyœle;;1;adj;2;open-minded;wolny od uprzedzeñ;
przereklamowany;;1;adj;3;overrated;przeceniony;
cierpliwy;;1;adj;1;patient;;
pieszy;;1;n;3;pedestrian;przechodzieñ;
osobowoœæ;;1;n;1;personality;osobistoœæ;charakter
konflikt osobowoœci;;1;n;2;personality clash;;
polityk;;1;n;2;politician;;
biedny;;1;adj;1;poor ;kiepski;s³aby
zdolnoœæ koncentracji;;1;n;1;power of concentration;;
ciœnienie;;1;n;2;pressure;presja;
programista;;1;n;2;programmer;;
nieruchomoœæ;;1;n;2;property;w³aœciwoœæ, cecha;
przys³owie;;1;n;3;proverb;;
psychiatra;;1;n;2;psychiatrist;;
psychometria;;1;n;3;psychometrics;;
jakoœæ;;1;n;2;quality;cecha;
wœciek³oœæ;;1;n;2;rage;sza³;
rzadki;;1;adj;1;rare;;
powód;;1;n;2;reason;przyczyna;rozum
stosunkowo;;1;adv;2;relatively;wzglêdnie;
niezawodny;;1;adj;2;reliable;solidny;wiarygodny
odpowiedzialny za;;1;adj;2;responsible for;;
recenzja;;1;n;2;review;;
pewny siebie;;1;adj;2;self-confident;dufny;
pó³kole;;1;n;3;semicircle;;
rozs¹dny;;1;adj;2;sensible;sensowny;
wra¿liwy;;1;adj;2;sensitive;czu³y;wyczulony
powa¿ny;;1;adj;2;serious;;
kilka;;1;adj;2;several;kilkanaœcie;
elegancki;;1;adj;2;smart;sprytny;
towarzyski;;1;adj;2;sociable;;
spo³eczeñstwo;;1;n;2;society;towarzystwo;stowarzyszenie
przestrzenny;;1;adj;2;spatial;;
o silnej woli;;1;adj;2;strong-willed;;
garnitur;;1;n;1;suit;kostium;
odpowiedni;;1;adj;2;suitable;stosowny;
otaczaj¹cy;;1;adj;2;surrounding;okoliczny;
wspó³czuj¹cy;;1;adj;2;sympathetic;;
gadatliwy;;1;adj;1;talkative;;
inspektor podatkowy;;1;n;2;tax inspector;;
tymczasowy;;1;adj;2;temporary;;
napiêcie;;1;n;3;tension;naprê¿enie;
teoria;;1;n;1;theory;;
rozwa¿ny;;1;adj;2;thoughtful;zamyœlony;zadumany
poirytowaæ;;1;v;2;to annoy;zdenerwowaæ;niepokoiæ
kojarzyæ;;1;v;2;to associate;zrzeszaæ;
zadziwiaæ;;1;v;3;to astonish;zaskakiwaæ;
uczestniczyæ;;1;v;2;to attend;;
przyci¹gaæ;;1;v;3;to attract;;
unikaæ;;1;v;2;to avoid;;
zakazaæ;;1;v;2;to ban;zabroniæ;
opieraæ (siê);;1;v;2;to base;bazowaæ (na);
nadawaæ programy;;1;v;2;to broadcast;;
opisaæ;;1;v;1;to describe;;
zaprojektowaæ;;1;v;2;to design;;
znikaæ;;1;v;2;to disappear;;
zarabiaæ na ¿ycie;;1;v;2;to earn a living;;
równaæ siê;;1;v;3;to equal;dorównaæ;
bledn¹æ;;1;v;3;to fade;blakn¹æ;gasnaæ
uk³adaæ z kimœ wspó³pracê;;1;v;3;to get on with sb;dogadywaæ siê z kimœ;
ukoñczyæ (naukê);;1;v;2;to graduate;;
wynaj¹æ;;1;v;2;to hire;zatrudniæ;
badaæ;;1;v;2;to investigate;prowadziæ œledztwo;
traciæ panowanie nad sob¹;;1;v;2;to lose temper;;
mieæ znaczenie;;1;v;1;to matter;liczyæ siê;
mierzyæ;;1;v;2;to measure;;
wspomnieæ;;1;v;1;to mention;nadmieniæ;
Ÿle zrozumieæ;;1;v;2;to misunderstand;b³êdnie zrozumieæ;
przewy¿szyæ (w dzia³aniu);;1;v;3;to outperform;;
wyprzedziæ;;1;v;3;to outrun;zdystansowaæ;
przyæmiæ;;1;v;3;to overshadow;;
wyprzedzaæ;;1;v;3;to overtake;;
posiadaæ;;1;v;1;to own;;
rozpoznaæ;;1;v;1;to recognise;uznaæ;
przedefiniowaæ;;1;v;2;to redefine;;
odzwierciedlaæ;;1;v;2;to reflect;odbiæ;snuæ refleksje
¿a³owaæ;;1;v;1;to regret;;
odnosiæ siê do;;1;v;3;to relate;powi¹zaæ z czymœ;
odpowiadaæ;;1;v;2;to respond;zareagowaæ;odezwaæ siê
wydawaæ siê;;1;v;2;to seem;;
rozwi¹zaæ;;1;v;1;to solve;;
specjalizowaæ siê;;1;v;1;to specialize;;
odnieœæ sukces;;1;v;2;to succeed;;
mieæ tendencjê;;1;v;2;to tend;;
wiêŸ;;1;n;2;togetherness;bycie razem;wspólnota
bliŸniak;;1;n;1;twin;;
niedoceniony;;1;adj;3;underrated;;
nieprzewidywalny;;1;adj;2;unpredictable;nieobliczalny;
podenerwowany;;1;adj;1;upset;;
wizja;;1;n;1;vision;wzrok;widzenie
istotny;;1;adj;3;vital;¿ywotny;
dobrze znany;;1;adj;1;well-known;;
skrót;;2;n;3;abbreviation;;
zakwaterowanie;;2;n;2;accommodation;;
relacja, opis;;2;n;3;account;sprawozdanie;
osi¹gniêcie;;2;n;2;achievement;;
przygoda;;2;n;2;adventure;;
doradca, bliski wspó³pracownik;;2;n;3;aide;;
staro¿ytny;;2;adj;2;ancient;;
pech;;2;n;2;bad luck;;
korzyœæ;;2;n;2;benefit;;
podró¿ s³u¿bowa;;2;n;2;business trip;;
wielb³¹d;;2;n;1;camel;;
dzia³alnoœæ charytatywna;;2;n;2;charity;dobroczynnoœæ;
pogodnie, weso³o;;2;adv;2;cheerfully;;
obywatel;;2;n;2;citizen;;
wêgiel;;2;n;1;coal;;
kontynent;;2;n;1;continent;;
rafa koralowa;;2;n;2;coral reef;;
wysuszony, kruchy;;2;adj;3;crisp;;
obyczaj;;2;n;2;custom;;
odprawa celna;;2;n;3;customs;urz¹d celny;
œwit;;2;n;3;dawn;;
opóŸnienie;;2;n;2;delay;;
pustynia;;2;n;2;desert;;
punkt docelowy podró¿y;;2;n;2;destination;;
katastrofa;;2;n;2;disaster;;
nurek;;2;n;2;diver;;
film dokumentalny;;2;n;2;documentary;;
wydma;;2;n;2;dune;;
krawêdŸ;;2;n;2;edge;;
ambasada;;2;n;2;embassy;;
cesarstwo;;2;n;2;empire;imperium;
dok³adny;;2;adj;2;exact;;
daleki, odleg³y;;2;adj;2;faraway;;
informacja zwrotna;;2;n;3;feedback;;
dziki, niebezpieczny;;2;adj;3;fierce;;
rz¹d (pañstwa);;2;n;2;government;;
proch strzelniczy;;2;n;1;gunpowder;;
wysokoœæ;;2;n;2;height;;
wczasowicz;;2;n;1;holidaymaker;;
wa¿ny;;2;adj;1;important;;
niedogodnoœæ;;2;n;3;inconvenience;niewygoda;
nieunikniony;;2;adj;2;inevitable;;
szczepienie;;2;n;3;inoculation;;
wywiad z kimœ;;2;n;2;interview;;
wynalazca;;2;n;2;inventor;;
d³ugoœæ;;2;n;2;length;;
kupiec;;2;n;3;merchant;;
marynarka wojenna;;2;n;3;navy;;
wycieczka zorganizowana;;2;n;2;package tour;;
zjawisko;;2;n;3;phenomenon;;
równina;;2;n;3;plain;;
nagroda;;2;n;2;prize;;
tratwa;;2;n;3;raft;;
relaks;;2;n;2;relaxation;odpoczynek;
wiejski;;2;adj;3;rural;;
s³ona pustynia;;2;n;3;salt-flat;;
piasek;;2;n;1;sand;;
nurkowanie z akwalungiem;;2;n;3;scuba diving;;
mewa;;2;n;3;seagull;;
rekin;;2;n;1;shark;;
jedwab;;2;n;2;silk;;
miejsce, plac;;2;n;3;site;;
stok;;2;n;3;slope;zbocze;
wolny czas;;2;n;1;spare time;;
zachód s³oñca;;2;n;2;sunset;;
podejrzliwie;;2;adv;2;suspiciously;;
zak³ad tekstylny;;2;n;2;textile plant;;
Beduini;;2;n;3;the Bedu;;
kradzie¿;;2;n;2;theft;;
wskazówka, porada;;2;n;2;tip;napiwek;
oskar¿yæ kogoœ o coœ;;2;v;3;to accuse sb of sth;;
og³osiæ, zapowiedzieæ;;2;v;2;to announce;;
usi³owaæ;;2;v;2;to attempt;;
po³kn¹æ haczyk;;2;v;3;to be hooked;;
winiæ kogoœ;;2;v;2;to blame;;
graniczyæ ;;2;v;2;to border;;
poszerzyæ;;2;v;2;to broaden;;
odwo³aæ coœ;;2;v;2;to cancel;;
kontynuowaæ;;2;v;2;to carry on;;
kapaæ;;2;v;3;to drip;;
zwiedzaæ;;2;v;3;to explore;badaæ;
karmiæ;;2;v;2;to feed;;
dowiedzieæ siê;;2;v;3;to find out;;
zwolniæ kogoœ z pracy;;2;v;2;to fire sb;;
skupiaæ siê na czymœ;;2;v;2;to focus on;;
zaniechaæ czegoœ, porzuciæ;;2;v;2;to give up;;
zamieszkiwaæ;;2;v;2;to inhabit;;
wystartowaæ (o rakiecie);;2;v;3;to lift off;;
uzyskaæ;;2;v;2;to obtain;;
skakaæ ze spadochronem;;2;v;3;to parachute;;
chwaliæ kogoœ;;2;v;2;to praise;;
osi¹gn¹æ, dotrzeæ;;2;v;2;to reach;;
uœwiadomiæ sobie;;2;v;2;to realise;;
¿eglowaæ;;2;v;2;to sail;;
wyruszyæ;;2;v;3;to set out;;
zatrzymaæ siê po drodze;;2;v;3;to stop off;przerwaæ podró¿;
rozci¹gaæ (siê);;2;v;3;to stretch;;
startowaæ (o samolocie);;2;v;2;to take off;;
pu³apka;;2;n;2;trap;;
skarb;;2;n;2;treasure;;
pragnienie, chêæ;;2;n;3;urge;;
zró¿nicowany;;2;adj;2;varied;;
rozleg³y;;2;adj;2;vast;;
przemoc;;2;n;2;violence;;
ochotnik;;2;n;2;volunteer;;
wieloryb;;2;n;1;whale;;
schronisko m³odzie¿owe;;2;n;2;youth hostel;;
dostêp;;3;n;2;access;;
coroczny;;3;adj;2;annual;;
w przybli¿eniu, oko³o;;3;adv;2;approximately;;
dostêpnoœæ;;3;n;2;availability;;
niewype³niony, pusty;;3;adj;2;blank;;
premia;;3;n;1;bonus;;
szerokopasmowy;;3;adj;2;broadband;;
bud¿et;;3;n;1;budget;;
stanowi¹cy wyzwanie;;3;adj;2;challenging;;
okolicznoœæ;;3;n;3;circumstance;;
kolega z pracy;;3;n;2;colleague;;
konkurencyjne wynagrodzenie;;3;n;2;competitive salary;;
skarga, reklamacja;;3;n;2;complaint;;
dogodny;;3;adj;2;convenient;;
list przewodni;;3;n;3;covering letter;;
¿yciorys;;3;n;3;curriculum vitae;;
zachwycony;;3;adj;2;delighted;;
projektant;;3;n;2;designer;;
po¿¹dany;;3;adj;2;desirable;;
dietetyk;;3;n;3;dietician;;
tuzin;;3;n;2;dozen;;
obowi¹zek;;3;n;1;duty;;
skutecznie;;3;adv;2;effectively;;
pracodawca;;3;n;1;employer;;
ocena;;3;n;2;evaluation;;
doœwiadczenie;;3;n;2;experience;;
broszura informacyjna;;3;n;2;factsheet;;
zaznajomiony, obeznany z;;3;adj;2;familiar with;;
stra¿ak;;3;n;1;firefighter;;
elastyczny;;3;adj;2;flexible;;
p³ynnie;;3;adv;2;fluently;;
niezale¿ny;;3;adj;2;freelance;do wynajêcia;wolny strzelec
pe³no-etatowy;;3;adj;2;full-time;;
wytworny, presti¿owy;;3;adj;2;glamorous;;
plotka;;3;n;2;gossip;;
absolwent;;3;n;2;graduate;;
ogrzewanie;;3;n;1;heating;;
wskazówka, podpowiedŸ;;3;n;3;hint;;
przemys³;;3;n;2;industry;;
rozmowa kwalifikacyjna;;3;n;1;job interview;;
dziennikarz;;3;n;1;journalist;;
prawnik;;3;n;2;lawyer;;
ulotka;;3;n;2;leaflet;;
czas wolny, wypoczynek;;3;n;2;leisure;;
cel;;3;n;2;objective;;
sposobnoœæ, okazja;;3;n;2;opportunity;;
otwarty, towarzyski;;3;adj;2;outgoing;;
niepe³noetatowy;;3;adj;2;part-time;;
emerytura;;3;n;3;pension;;
dodatek niepieniê¿ny;;3;n;3;perk;œwiadczenie pozap³acowe;
punkt widzenia;;3;n;2;point of view;;
bezcelowy, bezsensowny;;3;adj;2;pointless;;
zapytanie;;3;n;3;query;;
nag³y;;3;adj;2;rapid;;
detaliczny;;3;adj;3;retail;;
op³acalny, cenny;;3;adj;2;rewarding;;
goniec;;3;n;2;runner;;
kierownik sprzeda¿y;;3;n;1;sales manager;;
udzia³;;3;n;2;share;;
zmiana robocza, szychta;;3;n;2;shift;;
wkrótce, niebawem;;3;adv;3;shortly;;
drapacz chmur;;3;n;2;skyscraper;;
status;;3;n;1;status;;
gie³da papierów wartoœciowych;;3;n;3;stock market;;
kaskader;;3;n;2;stunt double;;
dostawca;;3;n;2;supplier;;
wsparcie;;3;n;2;support;;
chirurg;;3;n;2;surgeon;;
sonda¿;;3;n;3;survey;;
opalenizna;;3;n;2;tan;;
czasoch³onny;;3;adj;3;time-consuming;;
doceniaæ;;3;v;2;to appreciate;;
doje¿d¿aæ do pracy;;3;v;2;to commute;;
zawieraæ;;3;v;2;to contain;;
podzieliæ;;3;v;2;to divide;;
k³aœæ nacisk, podkreœlaæ;;3;v;3;to emphasise;;
oczekiwaæ;;3;v;2;to expect;;
zyskaæ, osi¹gn¹æ;;3;v;2;to gain;;
wahaæ siê;;3;v;2;to hesitate;;
podkreœlaæ, uwydatniaæ;;3;v;3;to highlight;;
wywrzeæ wra¿enie, imponowaæ;;3;v;2;to impress;;
udoskonaliæ;;3;v;2;to improve;;
inspirowaæ;;3;v;1;to inspire;;
szukaæ;;3;v;2;to seek;;
praktyka studencka, sta¿;;3;n;3;work placement;;
akcent;;4;n;1;accent;;
zakwaterowanie;;4;n;2;accommodation;;
przymiotnik;;4;n;2;adjective;;
przys³ówek;;4;n;2;adverb;;
sprawa;;4;n;2;affair;;
w przybli¿eniu;;4;adv;3;approximately;;
ustalenie;;4;n;2;arrangement;;
tryktrak;;4;n;3;backgammon;;
wykres s³upkowy;;4;n;3;bar chart;;
korzyœæ;;4;n;2;benefit;;
dwujêzyczny;;4;adj;2;bilingual;;
gra planszowa;;4;n;2;board game;;
zwiêz³y, krótki;;4;adj;2;brief;;
studium przypadku;;4;n;3;case study;;
organizacja dobroczynna;;4;n;2;charity;;
szachy;;4;n;2;chess;;
spo³ecznoœæ, wspólnota;;4;n;2;community;;
zagmatwany, myl¹cy;;4;adj;2;confusing;;
dogodnoœæ;;4;n;3;convenience;;
intensywny kurs;;4;n;3;crash course;;
dialekt;;4;n;1;dialect;;
katastrofa;;4;n;2;disaster;;
trzêsienie ziemi;;4;n;2;earthquake;;
gospodarka;;4;n;2;economy;;
wysi³ek;;4;n;2;effort;;
ca³y, ca³kowity;;4;adj;2;entire;;
œrodowisko;;4;n;2;environment;;
istotny;;4;adj;3;essential;;
wydarzenie;;4;n;2;event;;
wyginiêcie, wymarcie;;4;n;3;extinction;;
udogodnienie;;4;n;3;facility;;
dane liczbowe;;4;n;2;figures;;
p³ynnie, biegle;;4;adv;2;fluently;;
jêzyk obcy;;4;n;2;foreign language;;
osoba kwestuj¹ca;;4;n;3;fundraiser;;
rz¹d pañstwa;;4;n;2;government;;
garstka;;4;n;2;handful;;
osoba o wysokich aspiracjach;;4;n;3;high flyer;;
rasa ludzka, ludzkoœæ;;4;n;2;human race;;
to¿samoœæ;;4;n;2;identity;;
przemys³;;4;n;2;industry;;
intencja;;4;n;1;intention;;
³acina;;4;n;2;Latin;;
wyk³ad;;4;n;2;lecture;;
umiejêtnoœæ czytania i pisania;;4;n;2;literacy;;
wiêkszoœæ;;4;n;2;majority;;
ssak;;4;n;3;mammal;;
mniejszoœæ;;4;n;2;minority;;
wniosek formalny;;4;n;3;motion;;
muzyczny;;4;adj;1;musical;;
rodzimy u¿ytkownik jêzyka;;4;n;3;native speaker;;
rzeczownik;;4;n;1;noun;;
ropa;;4;n;2;oil;olej;
staromodny;;4;adj;2;old-fashioned;;
sonda¿ opinii;;4;n;3;opinion poll;;
zarys;;4;n;3;outline;;
pakiet;;4;n;2;package;;
punkt widzenia;;4;n;2;point of view;;
studia magisterskie;;4;adj;2;postgraduate studies;studia podyplomowe;
przewidywanie;;4;n;2;prediction;;
wymowa;;4;n;2;pronunciation;;
w³aœciwie, poprawnie;;4;adv;2;properly;;
propozycja;;4;n;2;proposal;;
cel;;4;n;2;purpose;;
powód;;4;n;2;reason;;
odrodzenie, o¿ywienie;;4;n;3;revival;;
wiejski;;4;adj;3;rural;;
stanowisko kierownicze;;4;n;2;senior position;;
powa¿nie;;4;adv;2;seriously;;
znacz¹cy, znaczny;;4;adj;2;significant;;
slang;;4;n;1;slang;;
nieznacznie;;4;adv;2;slightly;;
ortografia, pisownia;;4;n;1;spelling;;
rzecznik;;4;n;3;spokesperson;;
kadra, personel;;4;n;2;staff;;
fala przyp³ywu;;4;n;3;tidal wave;;
zaadaptowaæ (siê);;4;v;1;to adapt;;
wp³ywaæ na coœ, oddzia³ywaæ;;4;v;2;to affect;;
celowaæ, kierowaæ do kogoœ;;4;v;2;to aim at sb;;
pozwoliæ;;4;v;2;to allow;;
przeprowadziæ coœ;;4;v;3;to carry out;;
zrozumieæ, za³apaæ;;4;v;3;to catch on;;
rzuciæ wyzwanie;;4;v;2;to challenge;;
twierdziæ;;4;v;2;to claim;;
przeprowadziæ coœ;;4;v;2;to conduct;;
zwlekaæ, opóŸniaæ;;4;v;2;to delay;;
spustoszyæ, zdewastowaæ;;4;v;2;to devastate;;
wymieraæ, wygin¹æ;;4;v;2;to die out;;
rozczarowaæ;;4;v;2;to disappoint;;
rysowaæ;;4;v;2;to draw;;
zachêcaæ;;4;v;2;to encourage;;
stworzyæ, za³o¿yæ, ustanowiæ;;4;v;2;to establish;;
szacowaæ;;4;v;2;to estimate;;
zawieœæ;;4;v;2;to fail;nie zdaæ;
zostawaæ w tyle;;4;v;3;to fall behind;;
prze¿yæ, poradziæ sobie;;4;v;3;to get by;;
nad¹¿aæ za kimœ, dorównaæ;;4;v;3;to keep up with sb;;
zawieœæ;;4;v;2;to let sb down;;
zezwoliæ;;4;v;2;to permit;;
³atwo siê czegoœ nauczyæ ;;4;v;3;to pick sth up;;
zapobiegaæ;;4;v;2;to prevent;;
odnosiæ siê do, nawi¹zywaæ;;4;v;2;to refer;;
odrzuciæ;;4;v;2;to reject;;
cierpieæ;;4;v;2;to suffer;;
prze¿yæ, przetrwaæ;;4;v;2;to survive;;
zaj¹æ siê czymœ;;4;v;3;to take sth up;;
œlad;;4;n;2;trace;;
czasownik;;4;n;1;verb;;
walc;;4;n;1;waltz;;
strata czasu;;4;n;2;waste of time;;
doros³y;;5;n;2;adult;;
reklama;;5;n;2;advert;;
reklamodawca;;5;n;2;advertiser;;
alternatywa;;5;n;2;alternative;;
zabawny, rozbawiaj¹cy;;5;adj;2;amusing;;
antyczny;;5;adj;1;antique;;
uwaga;;5;n;2;attention;;
przykuwaj¹cy uwagê;;5;adj;3;attention-grabbing;;
t³o;;5;n;2;background;;
przekonanie;;5;n;2;belief;;
burza mózgów;;5;n;2;brainstorm;;
marka (produktu);;5;n;3;brand;;
kampania;;5;n;1;campaign;;
karton;;5;n;2;carton;;
kreskówka;;5;n;2;cartoon;;
chwytliwy;;5;adj;2;catchy;;
p³atki œniadaniowe;;5;n;2;cereal;;
poœcig, pogoñ;;5;n;3;chase;;
wybór;;5;n;2;choice;;
og³oszenie drobne;;5;n;3;classified ad;;
sprytny;;5;adj;2;clever;;
kodeks;;5;n;2;code;kod;
reklama radiowo-telewizyjna;;5;n;2;commercial;;
wspólny;;5;adj;2;common;;
konkurent;;5;n;3;competitor;;
troska;;5;n;2;concern;zaniepokojenie;
zachowanie;;5;n;2;conduct;;
s³odycze;;5;n;3;confectionery;;
konsument;;5;n;1;consumer;;
zawartoœæ;;5;n;2;content;;
kreatywny;;5;adj;1;creative;;
krytyczny;;5;adj;1;critical;;
pragnienie, ¿¹dza;;5;n;2;desire;;
odleg³y;;5;adj;2;distant;;
têpy, nudny;;5;adj;2;dull;;
wydawca;;5;n;2;editor;;
przyci¹gaj¹cy wzrok;;5;adj;3;eye-catching;;
t³uszcz;;5;n;2;fat;;
formu³a;;5;n;1;formula;;
efekciarski;;5;adj;3;gimmicky;;
ulotka;;5;n;3;handbill;;
drastyczny;;5;adj;3;hard-hitting;twardy, bezkompromisowy;
szkodliwy;;5;adj;2;harmful;;
artyku³ gospodarstwa domowego;;5;n;3;household good;;
wizerunek;;5;n;3;image;;
wyobraŸnia;;5;n;2;imagination;;
natychmiast;;5;adv;2;immediately;;
niezdecydowanie;;5;n;3;indecision;;
napis;;5;n;3;inscription;;
inspiruj¹cy;;5;adj;2;inspirational;;
intryguj¹cy;;5;adj;2;intriguing;;
irytuj¹cy;;5;adj;2;irritating;;
œmieciowe jedzenie;;5;n;2;junk food;;
¿wawy, pe³en ¿ycia;;5;adj;3;lively;;
logo;;5;n;1;logo;;
g³ównie;;5;adv;2;mainly;;
wytwórca;;5;n;2;manufacturer;;
medium, noœnik;;5;n;1;medium;;
pamiêtny;;5;adj;2;memorable;niezapomniany;
przes³anie;;5;n;2;message;wiadomoœæ;
metoda;;5;n;1;method;;
myl¹cy, wprowadzaj¹cy w b³¹d;;5;adj;2;misleading;;
mieszanka;;5;n;2;mixture;;
zauwa¿alny;;5;adj;2;noticeable;;
opakowanie;;5;n;2;packaging;;
papirus;;5;n;1;papyrus;;
okres;;5;n;2;period;;
przekonuj¹cy;;5;adj;3;persuasive;;
mnóstwo;;5;n;1;plenty of;;
liczba mnoga;;5;n;2;plural;;
plakat;;5;n;1;poster;;
potê¿ny, mocny;;5;adj;2;powerful;;
przyimek;;5;n;3;preposition;;
lokowanie produktu;;5;n;3;product placement;;
rozg³os;;5;n;3;publicity;;
publicznie;;5;adv;2;publicly;;
czysto, wy³¹cznie;;5;adv;2;purely;;
zakres, asortyment;;5;n;2;range;;
ocena;;5;n;3;rating;;
rozpoznawalny;;5;adj;3;recognisable;;
sprzeda¿, wyprzeda¿;;5;n;2;sale;;
sól;;5;n;2;salt;;
us³uga;;5;n;2;service;;
slogan;;5;n;1;slogan;;
napój bezalkoholowy;;5;n;3;soft drink;;
rozwi¹zanie;;5;n;2;solution;;
wyszukany, wyrafinowany;;5;adj;2;sophisticated;;
sponsorowanie, patronat;;5;n;2;sponsorship;;
rygorystyczny;;5;adj;2;strict;surowy;
subtelny;;5;adj;1;subtle;;
suma;;5;n;1;sum;;
opowieœæ, bajka;;5;n;3;tale;;
motyw;;5;n;2;theme;;
reklamowaæ;;5;v;2;to advertise;;
pozwoliæ sobie na coœ;;5;v;3;to afford;;
aprobowaæ, zatwierdzaæ;;5;v;2;to approve;;
przyci¹gaæ uwagê;;5;v;2;to attract attention;;
narzekaæ;;5;v;2;to complain;z³o¿yæ reklamacjê;
konkludowaæ;;5;v;2;to conclude;;
broniæ;;5;v;2;to defend;;
zniechêcaæ;;5;v;3;to discourage;;
rozpraszaæ, dekoncentrowaæ;;5;v;3;to distract;;
zachwalaæ, lansowaæ;;5;v;3;to endorse;;
wybuchn¹æ (o wulkanie);;5;v;2;to erupt;;
prezentowaæ;;5;v;3;to feature;;
przestraszyæ;;5;v;2;to frighten;;
przera¿aæ;;5;v;2;to horrify;;
narzucaæ;;5;v;3;to impose;;
zwiêkszyæ (siê), rosn¹æ;;5;v;2;to increase;;
wynaleŸæ;;5;v;2;to invent;;
znokautowaæ;;5;v;2;to knock sb down;powaliæ kogoœ;
odpaliæ;;5;v;2;to launch;wprowadziæ produkt ;
motywowaæ;;5;v;1;to motivate;;
przekazaæ, podaæ;;5;v;2;to pass;;
wlewaæ;;5;v;2;to pour;laæ;
drukowaæ;;5;v;1;to print;;
promowaæ;;5;v;1;to promote;;
regulowaæ;;5;v;1;to regulate;;
rozwiazaæ;;5;v;3;to resolve;postanowiæ;
jeŸdziæ na ³y¿worolkach;;5;v;2;to rollerblade;;
szokowaæ;;5;v;1;to shock;;
sponsorowaæ;;5;v;1;to sponsor;;
twierdziæ, wyraziæ;;5;v;2;to state;;
s³odziæ;;5;v;2;to sweeten;;
celowaæ;;5;v;2;to target;;
urozmaicaæ;;5;v;2;to vary;ró¿niæ siê;
unikalny;;5;adj;1;unique;;
denerwuj¹cy, niepokoj¹cy;;5;adj;2;upsetting;;
portfel;;5;n;2;wallet;;
cotygodniowy;;5;ad;2;weekly;;
dowcipny, b³yskotliwy;;5;adj;2;witty;;
szeptana (o reklamie);;5;adj;3;word-of-mouth;;
nadgarstek;;5;n;3;wrist;;
dodatek;;6;n;3;accessory;;
obs³uga posprzeda¿owa;;6;n;2;after-sales service;;
agenda;;6;n;1;agenda;;
widocznie;;6;adv;2;apparently;;
Azja;;6;n;1;Asia;;
pomoc;;6;n;3;assistance;;
przynajmniej;;6;adv;2;at least;;
za³¹cznik;;6;n;2;attachment;;
sala posiedzeñ;;6;n;3;boardroom;;
filia;;6;n;2;branch;oddzia³;
³apówka;;6;n;3;bribe;;
jaskrawo;;6;adv;2;brightly;jasno;
nak³ady kapita³owe;;6;n;3;capital expenditure;nak³ady inwestycyjne;
przep³yw gotówki;;6;n;2;cash flow;;
katalog;;6;n;2;catalogue;;
chemiczny;;6;adj;1;chemical;;
dzieciñstwo;;6;n;2;childhood;;
kombinacja;;6;n;1;combination;po³¹czenie;
konferencja;;6;n;1;conference;;
forma skrócona;;6;n;3;contraction;;
korespondencja;;6;n;1;correspondence;;
koszt;;6;n;1;cost;;
serek œmietankowy;;6;n;2;cream cheese;;
d³ug;;6;n;2;debt;;
przyzwoity;;6;adj;2;decent;;
dostawa;;6;n;2;delivery;;
dzia³;;6;n;2;department;wydzia³;
szczegó³;;6;n;2;detail;;
dylemat;;6;n;2;dilemma;;
bezpoœrednio;;6;adv;2;directly;;
szkic;;6;n;3;draft;brudnopis;
trwanie;;6;n;2;duration;;
elektroda;;6;n;1;electrode;;
emocja;;6;n;1;emotion;;
przedsiêbiorca;;6;n;3;entrepreneur;;
etyczny;;6;adj;1;ethical;;
codzienny;;6;adj;1;everyday;;
kosztowny;;6;adj;2;expensive;;
zamiatacz;;6;n;2;floor-sweeper;;
fortuna;;6;n;1;fortune;;
globalny;;6;adj;1;global;;
cel;;6;n;2;goal;;
wdziêczny;;6;adj;2;grateful;;
fryzjerstwo;;6;n;2;hairdressing;;
nag³ówek;;6;n;2;heading;;
uczciwy;;6;adj;2;honest;;
ikona;;6;n;1;icon;;
nielegalnie;;6;adv;2;illegally;;
tryb rozkazuj¹cy;;6;n;3;imperative;;
wra¿enie;;6;n;2;impression;;
natychmiastowy;;6;adj;2;instant;momentalny;
zamiast;;6;adv;2;instead;;
inwestycja;;6;n;1;investment;;
rzecz;;6;n;2;item;pozycja;
urz¹d pracy;;6;n;2;job centre;;
strata;;6;n;2;loss;;
lukratywny;;6;adj;2;lucrative;;
wspania³y;;6;adj;3;magnificent;;
protokó³;;6;n;3;minutes;;
pobliski;;6;adj;2;nearby;;
neuromarketing;;6;n;2;neuromarketing;;
nekrolog;;6;n;3;obituary;;
oferta;;6;n;2;offer;;
punkt sprzeda¿y;;6;n;3;outlet;;
zamorski;;6;adj;2;overseas;;
w³aœciciel;;6;n;2;owner;;
bierny;;6;adj;2;passive;;
p³atnoœæ;;6;n;2;payment;;
szczyt;;6;n;2;peak;;
perfumy;;6;n;2;perfume;;
fizyk;;6;n;2;physicist;;
pionier;;6;n;1;pioneer;;
truj¹cy;;6;adj;2;poisonous;;
przytu³ek;;6;n;3;poorhouse;;
teren (zak³adu);;6;n;3;premises;;
poprzedni;;6;adj;2;previous;;
procedura;;6;n;1;procedure;;
zysk;;6;n;2;profit;;
zaimek;;6;n;3;pronoun;;
kara;;6;n;2;punishment;;
zakup;;6;n;2;purchase;;
iloœæ;;6;n;2;quantity;;
niedawny;;6;adj;2;recent;;
rejestr;;6;n;3;register;;
krewny;;6;n;2;relative;;
detalista;;6;n;3;retailer;;
rola;;6;n;1;role;;
kiepski;;6;adj;3;rotten;zgni³y;
pensja;;6;n;2;salary;;
u¿ywany;;6;adj;2;second-hand;;
samozatrudniony;;6;adj;2;self-employed;;
seminarium;;6;n;2;seminar;;
kradzie¿ sklepowa;;6;n;3;shoplifting;;
podobny;;6;adj;2;similar;;
podobieñstwo;;6;n;2;similarity;;
natychmiast;;6;adv;3;straight away;;
nagle;;6;adv;2;suddenly;;
termin;;6;n;2;term;;
zatem;;6;adv;2;therefore;dlatego;
krawat;;6;n;2;tie;;
opuœciæ;;6;v;2;to abandon;;
targowaæ siê;;6;v;3;to bargain;;
odbyæ burzê mózgów;;6;v;2;to brainstorm;;
wychowaæ;;6;v;3;to bring sb up;;
szczotkowaæ;;6;v;2;to brush;;
œwiêtowaæ;;6;v;2;to celebrate;;
pobraæ (op³atê);;6;v;2;to charge;;
wspinaæ siê;;6;v;2;to climb;;
komentowaæ;;6;v;1;to comment;;
ograniczyæ;;6;v;3;to cut back on;;
zas³ugiwaæ;;6;v;2;to deserve;;
powiêkszyæ;;6;v;2;to expand;;
prognozowaæ;;6;v;2;to forecast;;
ufundowaæ;;6;v;2;to found;;
zbankrutowaæ;;6;v;3;to go bankrupt;;
œmiaæ siê;;6;v;1;to laugh;;
upewniæ siê;;6;v;2;to make sure;;
negocjowaæ;;6;v;1;to negotiate;;
dostarczyæ;;6;v;2;to provide;;
zmieniæ nazwê;;6;v;2;to rename;nazwaæ ponownie;
za³o¿yæ (firmê);;6;v;3;to set up;;
nagle wzrosn¹æ i opaœæ;;6;v;3;to spike;;
kraœæ;;6;v;2;to steal;;
nadzorowaæ;;6;v;2;to supervise;;
odbyæ siê;;6;v;2;to take place;;
ceniæ;;6;v;2;to value;;
toksyna;;6;n;1;toxin;;
nieetyczny;;6;and;2;unethical;;
tygodniówka;;6;n;2;wage;;
zamo¿ny;;6;adj;3;wealthy;;
hurtownik;;6;n;3;wholesaler;;
fauna i flora;;6;n;3;wildlife;;
m³odoœæ;;6;n;2;youth;m³odzie¿;
projekt;;7;n;2;design;;
abstrakcyjny;;7;adj;1;abstract;;
dobrze zaprojektowany;;7;adj;2;well-designed;;
urywek;;7;n;3;extract;fragment;
ograniczenie;;7;n;2;restriction;;
definicja;;7;n;1;definition;;
sprzedawcy;;7;n;2;salespeople;;
wartoœæ;;7;n;2;value;;
spe³niæ;;7;v;2;to fulfil;;
jednak¿e;;7;adv;3;however;;
innowacyjny;;7;adj;1;innovative;nowatorski;
product;;7;n;1;product;;
b³êdne mniemanie;;7;n;3;misconception;;
styl;;7;n;1;style;;
moda;;7;n;2;fashion;;
rzeczywistoœæ;;7;n;2;reality;;
artysta;;7;n;1;artist;;
wytworzyæ;;7;v;3;to manufacture;;
wzór;;7;n;2;pattern;deseñ;
innowacja;;7;n;1;innovation;;
futurystyczny;;7;adj;1;futuristic;;
elegancki;;7;adj;1;elegant;;
wykonany rêcznie;;7;adj;3;handmade;;
masowo produkowany;;7;adj;2;mass-produced;;
funkcjonalny;;7;adj;1;functional;;
staromodny;;7;adj;2;retro;w stylu retro;
op³ywowy;;7;adj;3;streamlined;aerodynamiczny;
stylowy;;7;adj;1;stylish;;
tradycyjny;;7;adj;1;traditional;;
nowoczesny;;7;adj;2;modern;;
pe³en wdziêku;;7;adj;3;graceful;;
dekada;;7;n;1;decade;;
wp³ywaæ;;7;v;2;to influence;;
krótkotrwa³y;;7;adj;3;short-lived;przelotny;
ergonomiczny;;7;adj;1;ergonomic;;
wydajnoœæ;;7;n;2;efficiency;;
g³adki;;7;adj;2;smooth;;
zaokr¹glony;;7;adj;2;curved;zakrzywiony;
kszta³t;;7;n;2;shape;;
aerodynamika;;7;n;1;aerodynamics;;
nowoczesnoœæ;;7;n;2;modernity;;
urz¹dzenie;;7;n;3;appliance;;
reputacja;;7;n;1;reputation;;
optymizm;;7;n;1;optimism;;
industrializacja;;7;n;1;industrialisation;;
sk³adane krzes³o;;7;n;3;folding chair;;
p³ótno;;7;n;3;canvas;;
popyt;;7;n;3;demand;;
ró¿norodnoœæ;;7;n;2;variety;;
spo³eczeñstwo konsumpcyjne;;7;n;3;throwaway society;;
radykalny;;7;adj;1;radical;;
folia;;7;n;3;foil;;
konkurencyjny;;7;adj;3;competitive;;
zalecany;;7;adj;2;advisable;;
solarny;;7;adj;1;solar;;
wytrzyma³oœæ;;7;n;2;durability;;
ilustrowaæ;;7;v;1;to illustrate;;
nakrêcaæ;;7;v;3;to wind up;;
szkicowaæ;;7;v;2;to sketch;;
gospodarstwo domowe;;7;n;3;household;;
wp³yw;;7;n;3;impact;oddzia³ywanie;
rewolucyjny;;7;adj;2;revolutionary;;
bohater;;7;n;2;hero;;
konsultant;;7;n;1;consultant;;
lodówka;;7;n;2;refrigerator;;
wnêtrze;;7;n;2;interior;;
pojazd kosmiczny;;7;n;2;spacecraft;;
zasada;;7;n;2;principle;;
trwaæ;;7;v;2;to last;;
uproszczenie;;7;n;3;simplification;;
paczka;;7;n;2;packet;;
wyzwanie;;7;n;2;challenge;;
zachowanie w pamiêci;;7;n;3;retention;;
widoczny;;7;adj;2;visible;;
przeciêtny;;7;adj;2;average;;
wyciskacz do cytryn;;7;n;2;lemon squeezer;;
definitywnie;;7;adv;2;definitely;;
wystawa;;7;n;2;exhibition;;
prekursor;;7;n;3;trendsetter;dyktator mody;
formularz zg³oszeniowy;;7;n;3;entry form;;
nagroda;;7;n;2;award;;
sêdzia;;7;n;2;judge;;
trwa³y;;7;adj;2;durable;;
prototyp;;7;n;1;prototype;;
wybitny;;7;adj;3;outstanding;wyró¿niaj¹cy siê;
rozwa¿yæ;;7;v;2;to consider;;
nieprzekraczalny termin;;7;n;2;deadline;;
reflektor kierunkowy;;7;n;3;spotlight;;
nadmuchiwana poduszka;;7;n;3;blow-up pillow;;
grzejnik;;7;n;2;heater;;
lity;;7;adj;2;solid;trwa³y;
rada;;7;n;2;advice;;
melodia;;7;n;2;tune;;
apostrof;;7;n;3;apostrophe;;
wa¿yæ;;7;v;2;to weigh;;
sygna³;;7;n;1;signal;;
wyœwietlacz;;7;n;3;display;;
w konsekwencji;;7;adv;3;consequently;;
co wiêcej;;7;adv;3;moreover;;
zasiêg sygna³u;;7;n;3;call reception;;
gruntownie;;7;adv;3;thoroughly;;
niezawodnoœæ;;7;n;2;reliability;;
migawka;;7;n;3;shutter;;
wizjer;;7;n;3;viewfinder;;
poni¿ej;;7;adv;2;below;;
soczewka;;7;n;3;lens;;
