WORD;UNIT;CAT;DIF;TRANS1;TRANS2;TRANS3
technika lotnicza;1;n;2;aeronautical engineering;;
obs³uga samolotu;1;n;2;aircraft maintenance;;
praktykant;1;n;2;apprentice;uczeñ rzemieœlnika;
praktyka zawodowa;1;n;2;apprenticeship;nauka rzemios³a;terminowanie
technika samochodowa;1;n;2;automotive engineering;;
szeroki;1;adj;1;broad;;
wybór;1;n;1;choice;;
budownictwo l¹dowe;1;n;2;civil engineering ;budownictwo l¹dowe i wodne;in¿ynieria l¹dowa i wodna
projektowanie wspomagane komputerowo;1;n;2;computer-aided design ;;
kreœlenie wspomagane komputerowo;1;n;3;computer-aided draughting ;;
kurs;1;n;1;course;;
stopieñ;1;n;1;degree;;
urz¹dzenie;1;n;2;device;;
cyfrowy;1;adj;2;digital;;
energetyka;1;n;2;electrical engineering ;elektrotechnika;
elektrycznoœæ;1;n;1;electricity;;
elektronika;1;n;1;electronics;;
œrodowisko;1;n;2;environment;;
usterka;1;n;2;fault;wada;skaza
monter;1;n;3;fitter;;
skupienie;1;n;2;focus;ogniskowa;
silnik turbospalinowy;1;n;3;gas turbine engine ;;
absolwent;1;n;1;graduate;;
przypadkowy;1;adj;3;haphazard;;
informatyka;1;n;2;information technology;;
wiedza;1;n;2;knowledge;;
technologia produkcji;1;n;3;manufacturing engineering ;technologia wytwarzania;
technika okrêtowa;1;n;3;marine technology;;
przetwarzanie sieciowe;1;n;2;network computing ;;
uzbrojenie;1;n;3;ordnance;;
uprzedni;1;adj;2;prior;wczeœniejszy;
œmig³o;1;n;3;propeller;œruba napêdowa;
kontrola jakoœci;1;n;3;quality assurance;;
wykwalifikowany;1;adj;2;skilled;;
przedmiot studiów;1;n;1;subject;;
stabilny rozwój;1;n;3;sustained growth;;
brygadzista;1;n;3;team leader;;
technik;1;n;2;technician;;
oceniaæ;1;v;3;to assess;szacowaæ;
³adowaæ;1;v;2;to charge;;
prowadziæ badania;1;v;1;to do research;;
zarabiaæ;1;v;1;to earn;;
zawieraæ w sobie;1;v;1;to include;;
uzyskaæ;1;v;2;to obtain;;
awansowaæ kogoœ;1;v;2;to promote;;
napêdzaæ;1;v;3;to propel;;
zast¹piæ;1;v;2;to replace;wymieniæ czêœæ;
nadzorowaæ;1;v;3;to supervise;;
transmisja;1;n;1;transmission;;
zmienna;1;n;3;variable;;
konserwacja i naprawa pojazdów;1;n;2;vehicle maintenance and repair;;
zawodowy;1;adj;2;vocational;;
warsztat;1;n;2;workshop;;
iloœæ;2;n;1;amount;;
zastosowanie;2;n;2;application;;
morela;2;n;1;apricot;;
warstwa wodonoœna;2;n;3;aquifer;;
drut kolczasty;2;n;2;barbed wire;;
partia, seria;2;n;3;batch;;
benzoesan;2;n;3;benzoate;;
zamykacz do butelki;2;n;2;bottle stopper;;
snopek;2;n;2;bundle;pêczek;
zatyczka;2;n;3;bung;;
puszkowanie;2;n;2;canning;;
chlorek;2;n;3;chloride;;
chlorofil;2;n;3;chlorophyll;;
korek;2;n;1;cork;;
odziarniarka;2;n;3;cotton gin;;
uprawa;2;n;1;crop;;
odwodnienie;2;n;2;dehydration;;
popyt;2;n;2;demand;;
g³êbokoœæ;2;n;2;depth;;
testowanie zniszczeniowe;2;n;2;destructive testing;;
wylewka;2;n;3;discharge pipe;;
wada;2;n;1;drawback;;
sprzêg;2;n;3;drawbar;;
matowy;2;adj;2;dull;;
wydajny;2;adj;2;efficient;;
wysi³ek;2;n;2;effort;;
przedsiêbiorczy;2;adj;3;entrepreneurial;;
w koñcu;2;adv;2;eventually;ostatecznie;
tkanina;2;n;2;fabric;;
nawóz;2;n;2;fertilizer;;
twardoœæ;2;n;2;firmness;;
konserwacja ¿ywnoœci;2;n;2;food preservation;;
granica;2;n;2;frontier;;
zbo¿e;2;n;2;grain;ziarno;
szpilka do w³osów;2;n;1;hairpin;;
r¹czka, uchwyt;2;n;2;handle;klamka;
œrodek chwastobójczy;2;n;2;herbicide;;
koñ mechaniczny;2;n;2;horsepower;;
w¹¿ (gumowy);2;n;2;hose;;
szypu³ka;2;n;3;hull;;
podnoœnik hydrauliczny;2;n;2;hydraulic lift;;
przyrz¹d;2;n;3;implement;narzêdzie;
praca;2;n;1;labour;;
roztrz¹sacz obornika;2;n;3;manure spreader;;
azotan;2;n;3;nitrate;;
brzoskwinia;2;n;1;peach;;
pestycyd;2;n;1;pesticide;;
stóg;2;n;2;pile;stos;sterta
t³ok cylindra;2;n;3;piston;;
ubóstwo;2;n;2;poverty;bieda;
wa³ odbioru mocy;2;n;3;power take-off shaft;;
bloczek;2;n;3;pulley;ko³o pasowe;
opady deszczu;2;n;1;rainfall;;
¿niwiarka;2;n;3;reaper;;
daj¹cy siê powtórnie przetworzyæ;2;adj;2;recyclable;;
poleganie na czymœ;2;n;2;reliance;;
daj¹cy siê powtórnie szczelnie zamkn¹æ;2;adj;2;resealable;;
lina;2;n;1;rope;sznur;
rz¹dek;2;n;2;row;;
próbka;2;n;2;sample;;
zakrêtka;2;n;2;screwtop;;
pakowanie hermetyczne;2;n;2;sealing;;
siewnik;2;n;3;seed drill;;
niedobór;2;n;2;shortage;brak;
chleb krojony;2;n;1;sliced bread;;
sód;2;n;3;sodium;;
gleba;2;n;2;soil;;
krok;2;n;1;step;;
siarczyn;2;n;3;sulphite;;
zak³adaæ, przypuszczaæ ;2;v;2;to assume;;
wrzeæ;2;v;2;to boil;;
odbijaæ siê;2;v;2;to bounce back;;
uprawiaæ;2;v;2;to cultivate;;
psuæ siê;2;v;2;to decay;gniæ;
wymyœliæ;2;v;2;to devise;zaprojektowaæ;
odbarwiaæ;2;v;2;to discolour;traciæ kolor;
rozró¿niaæ;2;v;2;to distinguish;;
dzieliæ;2;v;2;to divide;;
sprzyjaæ;2;v;2;to favour;faworyzowaæ;
grodziæ;2;v;2;to fence;;
mroziæ;2;v;1;to freeze;;
³¹czyæ;2;v;2;to fuse;;
kie³kowaæ;2;v;3;to germinate;;
chwyciæ;2;n;2;to grip;;
zbieraæ plony;2;v;2;to harvest;;
wskazywaæ;2;v;1;to indicate;;
przerywaæ;2;v;2;to interrupt;;
wynaleŸæ;2;v;2;to invent;;
podnieœæ;2;v;1;to lift;;
mierzyæ;2;v;2;to measure;;
sadziæ;2;v;2;to plant;;
oraæ;2;v;2;to plough;;
zwiêkszyæ ciœnienie;2;v;2;to pressurise;;
ch³odziæ;2;v;1;to refrigerate;;
rozrzucaæ;2;v;2;to scatter;;
zaopatrywaæ;2;v;2;to supply;dostarczaæ;
zamiataæ;2;v;1;to sweep;;
wi¹zaæ;2;v;1;to tie;;
nadepn¹æ;2;v;3;to tread;;
tkaæ;2;v;2;to weave;;
holowany;2;adj;2;trailed;ci¹gniony;
peda³;2;n;3;treadle;;
pompa no¿na;2;n;3;treadle pump;;
pró¿nia;2;n;2;vacuum;;
zawór;2;n;2;valve;;
zró¿nicowanie;2;n;2;variation;;
goœæ;2;n;1;visitor;;
lustro wody;2;n;3;water table;;
pasmo czêstotliwoœci;2;n;2;waveband;;
chwast;2;n;2;weed;;
drewniany balas w p³ocie;2;n;3;wooden rail;drewniana tralka;
dro¿d¿e;2;n;2;yeast;;
zbiór;2;n;3;yield;;
dok³adnoœæ;3;n;2;accuracy;;
punkt zakotwiczenia;3;n;2;anchor point;;
most ³ukowy;3;n;2;arch bridge;;
barka;3;n;3;barge;;
most belkowy;3;n;2;beam bridge;;
most skrzynkowy;3;n;3;box girder bridge;;
ceg³a;3;n;1;brick;;
p³yta noœna mostu;3;n;3;bridge deck;pomost;
most wantowy;3;n;3;cable stay bridge;most podwieszony;
stulecie;3;n;1;century;wiek;
wyzwanie;3;n;2;challenge;;
tymczasowa budowla hydrotechniczna;3;n;3;cofferdam;koferdam;
zawalenie siê;3;n;2;collapse;;
œciskanie;3;n;2;compression;;
betonowa ok³adzina;3;n;3;concrete lining;betonowa obudowa wewnêtrzna;
dŸwig;3;n;2;crane;;
g³owica skrawaj¹ca;3;n;3;cutterhead;;
uszkodzenie;3;n;2;damage;;
odkszta³cenie;3;n;2;distortion;;
most zwodzony;3;n;3;drawbridge;;
materialy wybuchowe;3;n;2;explosives;;
gaœnica;3;n;2;extinguisher;;
brygada robocza;3;n;3;gang of men;;
gazoci¹g;3;n;2;gas pipeline;;
dŸwigar;3;n;3;girder;;
olbrzymi;3;adj;2;huge;;
wewnêtrzne naprê¿enie;3;n;3;inward tension;wewnêtrzny naci¹g;
podnoœnik;3;n;3;jack;;
naprowadzany laserowo;3;adj;2;laser-guided;;
most podnoszony;3;n;3;lifting bridge;;
obci¹¿enie;3;n;3;load;;
k³oda;3;n;2;log;;
obowi¹zkowy;3;adj;2;mandatory;;
pomiar;3;n;2;measurement;;
równoleg³y;3;adj;2;parallel;;
filar;3;n;3;pier;pylon;
most obrotowy;3;n;3;pivot bridge;;
zakaz;3;n;1;prohibition;;
pompa;3;n;1;pump;;
urobek;3;n;3;refuse;odpady;
beton zbrojony;3;n;3;reinforced concrete;;
koryto rzeki;3;n;2;river bed;³o¿e rzeki;
kanalizacja œciekowa;3;n;2;sewage pipeline;;
kana³ œciekowy;3;n;2;sewer;;
œcinanie;3;n;3;shear;;
szlak ¿eglugowy;3;n;2;shipping route;szlak morski;
rozwi¹zanie;3;n;2;solution;;
przês³o;3;n;3;span;;
wyciek;3;n;3;spillage;;
stal;3;n;1;steel;;
kamieñ;3;n;1;stone;;
strumieñ;3;n;2;stream;;
podpora;3;n;2;support;;
most wisz¹cy;3;n;2;suspension bridge;;
most obrotowy;3;n;3;swing bridge;;
maszyna dr¹¿¹ca tunele;3;n;3;TBM;mechaniczny kret;
naprê¿enie;3;n;3;tension;;
most przechy³owy;3;n;3;tilt bridge;;
zdumiewaæ;3;v;2;to astonish;;
ugi¹æ (siê);3;v;2;to bend;;
dr¹¿yæ;3;v;3;to bore;wierciæ;
przenosiæ;3;v;2;to carry;;
rozwijaæ (siê);3;v;1;to develop;;
osuszyæ;3;v;2;to drain;odprowadziæ wodê;
podnosiæ;3;v;3;to hoist;;
po³¹czyæ;3;v;2;to link;;
przechodziæ pod (czymœ);3;v;2;to pass under;;
obracaæ siê wokó³ osi;3;v;3;to pivot;;
byæ odpornym;3;v;2;to resist;stawiaæ opór (czemuœ);
wzmocniæ;3;v;2;to strengthen;;
os³abiæ;3;v;2;to weaken;;
spawaæ;3;v;2;to weld;;
tolerancja;3;n;1;tolerance;;
most kratownicowy;3;n;3;truss bridge;;
tunel;3;n;1;tunnel;;
bliŸniacze wie¿e;3;n;1;twin towers;;
dolina;3;n;1;valley;;
wiadukt;3;n;1;viaduct;;
ostrze¿enie;3;n;1;warning;;
wodoci¹g;3;n;2;water pipeline;;
mokry;3;adj;1;wet;;
szerokoœæ;3;n;2;width;;
zdolnoœæ;4;n;1;ability;;
coroczny;4;adj;3;annual;roczny;
urz¹dzenie;4;n;3;appliance;;
sztuczny;4;adj;2;artificial;;
uwaga;4;n;2;attention;;
atrakcyjny;4;adj;1;attractive;;
bakterie;4;n;2;bacteria;;
ulegaj¹cy biodegradacji;4;adj;2;biodegradable;;
dwutlenek wêgla;4;n;3;carbon dioxide;;
odzie¿;4;n;2;clothing;ubranie;
wêgiel;4;n;1;coal;;
komponent;4;n;1;component;czêœæ;
formowanie ciœnieniowe;4;n;3;compression moulding;;
spó³g³oska;4;n;3;consonant;;
zu¿ycie;4;n;2;consumption;konsumpcja;
zanieczyszczenie;4;n;3;contamination;ska¿enie;
kukurydza;4;n;1;corn;;
gêstoœæ;4;n;3;density;;
kurz;4;n;2;dust;;
przewidywany okres bezawaryjnego dzia³ania;4;n;3;expected life;;
informacja zwrotna;4;n;3;feedback;sprzê¿enie zwrotne;
w³ókno;4;n;3;fibre;;
w³ókno;4;n;3;filament;¿arnik;
elastycznoœæ;4;n;3;flexibility;giêtkoœæ;
zbiornik paliwa;4;n;1;fuel tank;;
granulka;4;n;3;granule;;
przemys³;4;n;2;industry;;
formowanie wtryskowe;4;n;3;injection moulding;;
etykieta;4;n;2;label;;
wiêkszoœæ;4;n;2;majority;;
sztuczny;4;adj;2;man-made;;
nowoczesny;4;adj;1;modern;;
wilgoæ;4;n;3;moisture;;
produkty nietrwa³e;4;n;3;non-durables;;
tlen;4;n;2;oxygen;;
przenikalnoœæ;4;n;3;permeability;;
wykres ko³owy;4;n;3;pie chart;;
w³aœciwoœæ;4;n;2;property;cecha;nieruchomoœæ
surowce;4;n;3;raw materials;;
¿ywica;4;n;3;resin;;
odporny;4;adj;2;resistant;;
sprzeda¿;4;n;1;sale;;
dŸwiêk;4;n;1;sound;;
skrobia;4;n;3;starch;wêglowodany;
odpowiedni;4;adj;2;suitable;w³aœciwy;
termoplastyczny;4;adj;3;thermoplastic;;
termoutwardzalny;4;adj;3;thermoset;;
osi¹gn¹æ;4;v;2;to achieve;uzyskaæ;
pozwoliæ;4;v;1;to allow;;
rozk³adaæ (siê);4;v;2;to break down;zepsuæ (siê);
znikaæ;4;v;1;to disappear;;
wyrzuciæ;4;v;3;to dispose;pozbyæsiê;
zachêcaæ;4;v;3;to encourage;;
ulepszyæ;4;v;2;to improve;udoskonaliæ;
formowaæ;4;v;3;to mould;kszta³towaæ;
wymawiaæ;4;v;2;to pronounce;;
powieœæ siê;4;v;3;to take off;odnieœæ sukces;wystartowaæ (o samolocie)
leczyæ;4;v;2;to treat;traktowaæ;
opakowaæ;4;v;2;to wrap;owin¹æ;
twardy;4;adj;2;tough;;
nienasycony;4;adj;3;unsaturated;niewysycony;
wszechstronny;4;adj;3;versatile;uniwersalny;
samog³oska;4;n;3;vowel;;
pszenica;4;n;2;wheat;;
szeroko stosowany;4;adj;1;widely-used;;
zaleta;5;n;1;advantage;;
alternatywny;5;adj;2;alternative;;
wiatromierz;5;n;3;anemometer;anemometr;
przybli¿ony;5;adj;2;approximate;;
³o¿ysko;5;n;3;bearing;;
³opata wirnika;5;n;3;blade;ostrze;
hamulec;5;n;2;brake;;
obudowa;5;n;3;casing;;
ko³o ³añcuchowe;5;n;2;chain wheel;;
zak³ad kogeneracji;5;n;3;cogeneration plant;;
spo³ecznoœæ;5;n;2;community;wspólnota;
warunek;5; n;1;condition;stan;
przetwornik;5;n;3;converter;konwerter;
œrednica;5;n;2;diameter;;
napêd;5;n;2;drive;;
trzêsienie ziemi;5;n;2;earthquake;;
paliwo kopalne;5;n;3;fossil fuel;;
przeniesienie napêdu przek³adni¹;5;n;3;gear transmission;;
przek³adnia zêbata;5;n;3;gearbox;skrzynia biegów;
sieæ;5;n;3;grid;;
szlifierka;5;n;3;grinder;m³ynek;kruszarka
os³ona;5;n;3;guard;;
kask;5;n;3;hard hat;;
pompa ciep³a;5;n;2;heat pump;;
szybkobie¿ny;5;adj;3;high-speed;szybkoobrotowy;
obudowa;5;n;3;housing;;
piasta;5;n;3;hub;;
hydrauliczny;5;adj;1;hydraulic;;
wa¿ny;5;adj;1;important;;
indukcja;5;n;2;induction;;
wnioskowanie;5;n;3;inference;dedukcja;
dziennikarz;5;n;1;journalist;;
d³ugoœæ;5;n;1;length;;
wolnobie¿ny;5;adj;3;low-speed;wolnoobrotowy;
miejski;5;adj;2;municipal;;
gondola silnika;5;n;3;nacelle;obudowa silnika samolotu;
na otwartym morzu;5;adj;3;offshore;z dala od brzegu;zamorski
platforma wiertnicza;5;n;3;oil rig;;
odpady organiczne;5;n;3;organic waste;;
moc wyjœciowa;5;n;3;output;produkcja;
stopieñ doktora;5;n;3;PhD;doktorat;
ogniwo fotowoltaiczne;5;n;3;photovoltaic tile;;
skok (œmig³a);5;n;3;pitch;pochylenie (samolotu);
moc;5;n;1;power;;
poprzedni;5;adj;2;previous;;
tylny;5;adj;2;rear;wsteczny;
powód;5;n;2;reason;;
odnawialny;5;adj;2;renewable;;
odpowiednio;5;adv;2;respectively;;
dochód;5;n;3;revenue;;
wirnik;5;n;3;rotor;rotor;
obroty na minutê;5;n;3;rpm;;
samowystarczalny;5;adj;2;self-sufficient;;
œcieki;5;n;3;sewage;nieczystoœci;
oczyszczalnia œcieków;5;n;3;sewage works;;
wa³, wa³ek;5;n;3;shaft;szyb;
w¹¿ (zwierzê);5;n;1;snake;;
Ÿród³o;5;n;2;source;;
prêdkoœæ;5;n;1;speed;;
tarcie spoczynkowe;5;n;3;static friction;tarcie statyczne;
burza;5;n;1;storm;;
powierzchnia;5;n;2;surface;;
podejrzany;5;n;3;suspect;;
zbiornik energii cieplnej;5;n;3;thermal store;;
zawaliæ siê;5;v;2;to collapse;;
uszkodziæ;5;v;2;to damage;;
zmniejszyæ;5;v;2;to decrease;;
opisaæ;5;v;1;to describe;;
odkryæ;5;v;1;to discover;;
zraniæ;5;v;1;to hurt;;
wywnioskowaæ;5;v;3;to infer;wydedukowaæ;
zamocowaæ;5;v;3;to mount;ustawiæ na podwy¿szeniu;
przezwyciê¿yæ;5;v;2;to overcome;pokonaæ;
odrzucaæ;5;v;2;to reject;;
przekazywaæ (sygna³, moc);5;v;3;to relay;;
obracaæ siê;5;v;2;to rotate;krêciæ siê;
ocaliæ;5;v;1;to save;oszczêdzaæ;
uproœciæ;5;v;2;to simplify;;
rozszczepiæ;5;v;3;to split;rozdzieliæ;
zak³ad trójgeneracji;5;n;3;trigeneration plant;;
rurowy;5;adj;3;tubular;cylindryczny;
wiatrowskaz;5;n;3;vane;;
wykonalny;5;adj;3;viable;realny;
fala;5;n;2;wave;;
podczas;5;o;2;while;w trakcie;chwila
odchylenie kierunkowe;5;n;3;yaw;;
wyg³uszenie;6;n;3;acoustic liner;izolacja akustyczna;
w³aœciwie;6;adv;3;actually;w istocie;
kontroler lotniska;6;n;2;aerodrome controller;;
p³at;6;n;3;aerofoil;;
lotnictwo;6;n;2;aeronautics;aeronautyka;
lotka;6;n;3;aileron;;
p³atowiec;6;n;3;airframe;;
przestrzeñ powietrzna;6;n;2;airspace;;
kontrola lotu;6;n;2;air-traffic control;;
wysokoœæ lotu;6;n;2;altitude;;
utrzymywanie wysokoœci;6;n;2;altitude hold;;
k¹t;6;n;2;angle;;
kontroler zbli¿ania;6;n;2;approach controller;;
kontroler obszaru;6;n;2;area controller;;
uk³ad zespolonego skrzyd³a;6;n;3;blended wing design;;
kabina pilota;6;n;1;cockpit;;
zespó³ komory spalania;6;n;3;combustor;;
sprê¿arka;6;n;2;compressor;;
statek powietrzny;6;n;3;craft;;
punkt rosy;6;n;3;dew point;;
wezwanie pomocy;6;n;2;distress call;;
opór czo³owy;6;n;3;drag;opór aerodynamiczny;
ster wysokoœci;6;n;3;elevator;ster poziomy;
masa w³asna samolotu;6;n;3;empty weight;;
wlot powietrza;6;n;2;engine intake;;
dok³adny;6;adj;2;exact;;
owiewka;6;n;3;fairing;;
wentylator;6;n;2;fan;;
klapa;6;n;3;flap;;
elektroniczny system pilotowania ;6;n;3;fly-by-wire;;
rama;6;n;2;frame;;
samolot transportowy;6;n;2;freighter;;
pojemnoœæ zbiorników paliwa;6;n;3;fuel capacity;masa paliwa;
turbospalinowy;6;adj;2;gas-turbine;;
szybowiec;6;n;2;glider;;
u¿ytki zielone;6;n;3;grasslands;;
wysokoœæ;6;n;1;height;;
noszenie zboczowe;6;n;3;hill/ridge lift;;
strefa oczekiwania;6;n;3;holding area;;
poziomy;6;adj;2;horizontal;;
tablica przyrz¹dów;6;n;2;instrument panel;;
silnik odrzutowy;6;n;2;jet engine;;
wêze³;6;n;2;knot;;
podwozie samolotu;6;n;3;landing gear;;
poziom;6;n;1;level;;
si³a noœna;6;n;3;lift;noszenie;
pamiêæ;6;n;1;memory;;
nieporozumienie;6;n;2;misunderstanding;;
w¹ski;6;adj;1;narrow;;
mila morska;6;n;2;nautical mile;;
ha³as;6;n;1;noise;;
bezsilnikowy;6;adj;2;non-powered;;
dysza;6;n;3;nozzle;;
kolejnoœæ;6;n;2;order;;
stojanka;6;n;3;parking stand;stanowisko postojowe;
liczba miejsc w samolocie;6;n;3;people capacity;;
mo¿liwy;6;adj;1;possible;;
ciœnienie;6;n;2;pressure;;
zasiêg;6;n;2;range;;
odnoœny, istotny, dotycz¹cy;6;adj;2;relevant;;
wirop³at;6;n;3;rotary-wing craft;;
ster kierunku;6;n;3;rudder;;
droga startowa;6;n;3;runway;pas startowy;
na boki;6;adv;2;sideways;;
przestrzenny;6;adj;2;spatial;;
os³ona;6;n;2;spoiler;spoiler;
statecznik;6;n;2;stabilizer;stabilizator;
supernowoczesny;6;adj;3;state-of-the-art;;
bagno;6;n;2;swamp;;
ogon;6;n;2;tail;;
belka ogonowa;6;n;3;tail boom;;
start samolotu;6;n;2;takeoff;;
pr¹d termiczny;6;n;3;thermal;;
si³a ci¹gu;6;n;3;thrust;ci¹g;
podchodziæ;6;v;2;to approach;zbli¿aæ siê;
przybywaæ;6;v;1;to arrive;;
wiaæ;6;v;2;to blow;dmuchaæ;
odlatywaæ;6;v;2;to depart;odje¿d¿aæ;
zni¿aæ lot;6;v;2;to descend;opadaæ;
wtopiæ;6;v;3;to embed;wbudowaæ;
zyskaæ;6;v;2;to gain;;
zajmowaæ siê;6;v;2;to handle;;
mieœciæ w sobie;6;v;2;to house;;
wydawaæ;6;v;2;to issue;;
wystartowaæ;6;n;2;to launch;odpaliæ;
przekazaæ;6;v;2;to pass;;
przechodziæ ponad/obok;6;v;2;to pass over/by;;
pochyliæ samolot;6;v;3;to pitch;;
zapobiegaæ;6;v;2;to prevent;;
reagowaæ;6;v;2;to respond;;
przechyliæ samolot;6;v;3;to roll;;
chroniæ;6;v;2;to shield;;
wirowaæ;6;v;2;to spin ;obracaæ siê;
podtrzymywaæ;6;v;2;to support;;
zawiesiæ;6;v;2;to suspend;;
przejmowaæ;6;v;3;to take over;;
ko³owaæ;6;v;3;to taxi;;
przechyliæ œmig³owiec;6;v;2;to tip;przewa¿yæ ;
œledziæ;6;v;2;to track;;
krawêdŸ sp³ywu;6;n;3;trailing edge;;
szczotki na krawêdzi sp³ywu;6;n;3;trailing edge brushes;;
turbulentny;6;adj;2;turbulent;niespokojny;
do góry;6;adv;2;upwards;;
zmiennoœæ;6;n;3;variability;;
zmienna dysza wylotowa;6;n;3;variable exhaust nozzle;;
wie¿a kontroli lotów;6;n;2;visual control tower;;
ciê¿ar;6;n;1;weight;waga;
powierzchnia skrzyd³a;6;n;2;wing area;;
rozpiêtoœæ skrzyde³;6;n;2;wingspan;;
stanowisko operacyjne;6;n;2;work station;;
dopuszczalny;7;adj;2;acceptable;;
klej;7;n;2;adhesive;przylepny;
klimatyzacja;7;n;2;air conditioning;;
przewiewny;7;adj;1;airy;;
telewizja przemys³owa;7;n;2;CCTV;;
pokrycie;7;n;3;cladding;okrycie;
kondensacja;7;n;1;condensation;skroplenie;
zamienialny;7;adj;2;convertible;;
przypora;7;n;3;counterfort;;
pr¹d;7;n;2;current;;
pogorszenie;7;n;3;deterioration;;
niepe³nosprawny;7;adj;2;disabled;;
odporny na kataklizmy;7;adj;2;disaster-proof;odporny na klêski ¿ywio³owe;
zmywarka;7;n;1;dishwasher;;
przeci¹g;7;n;3;draught;;
trwa³y;7;adj;2;durable;wytrzyma³y;
powódŸ;7;n;1;flood;;
fundamenty;7;n;2;foundations;;
zamra¿arka;7;n;1;freezer;;
lodówka;7;n;1;fridge;;
p³yta grzejna (kuchenki);7;n;3;hob;;
dop³ata do polisy;7;n;3;insurance premium;;
œciana wewnêtrzna;7;n;2;interior wall;;
pracooszczêdny;7;adj;2;labour-saving;usprawniaj¹cy pracê;
znacznie;7;adv;1;largely;;
czas u¿ytkowania;7;n;2;lifespan;;
obowi¹zek;7;n;2;obligation;;
nieprzejrzysty;7;adj;3;opaque;mêtny;
zewnêtrzny;7;adj;2;outermost;;
w³aœciciel;7;n;1;owner;;
œciana dzia³owa;7;n;3;partition;przepierzenie;
sta³y;7;adj;2;permanent;;
kolumna;7;n;2;pillar;;
przewidywalny;7;adj;2;predictable;;
przewidywanie;7;n;2;prediction;prognoza;
strunobeton;7;n;3;pre-stressed concrete;;
w³aœciwy;7;adj;2;proper;;
przepis kulinarny;7;n;2;recipe;;
rzadki;7;adj;2;scarce;;
bariera;7;n;3;shutter;migawka;
zlew;7;n;1;sink;;
p³yta betonu;7;n;3;slab of concrete;;
skarpa;7;n;2;slope;stok;pochy³oœæ
stromy;7;adj;2;steep;;
surowy;7;adj;2;strict;;
dostawa;7;n;2;supply;;
izolacja przeciwwodna;7;n;3;tanking membrane;;
tymczasowy;7;adj;2;temporary;;
drewno;7;n;3;timber;tarcica;
wp³ywaæ;7;v;2;to affect;;
znieœæ;7;v;2;to bear;wytrzymaæ;
zawieraæ;7;v;2;to comprise;obejmowaæ;
odkurzaæ;7;v;1;to dust;;
uziemiæ;7;v;3;to earth;;
unosiæ siê na wodzie;7;v;2;to float;;
sk³adaæsiê;7;v;2;to fold up;;
izolowaæ;7;v;3;to insulate;;
przegrzaæ (siê);7;v;2;to overheat;;
zezwoliæ;7;v;2;to permit;;
przypominaæ;7;v;2;to remind;;
wymagaæ;7;v;2;to require;;
groziæ;7;v;2;to threaten;;
wytrzymaæ;7;v;3;to withstand;oprzeæ siê (czemuœ);
œcie¿ka;7;n;2;track;bie¿nia;
widoczny;7;adj;2;visible;;
dobrze izolowany;7;adj;2;well-insulated;;
monta¿;8;n;2;assembly;;
silnik spalinowy;8;n;3;combustion engine;;
zator;8;n;3;congestion;zat³oczenie;
kontenerowiec;8;n;1;container ship;;
po drodze;8;adv;2;en-route;;
wysportowany;8;adj;1;fit;sprawny fizycznie;
p³askodenny;8;adj;2;flat-bottomed;;
bruzda;8;n;2;groove;rowek;
podnoszony;8;adj;3;hoistable;;
poduszkowiec;8;n;3;hovercraft;;
wodolot;8;n;3;hydrofoil;;
wewnêtrzny;8;adj;2;internal;;
³o¿e monta¿owe;8;n;3;jig;;
licencja;8;n;1;licence;;
luksusowy;8;adj;2;luxurious;;
autostrada;8;n;1;motorway;;
oficer nawigacyjny;8;n;1;navigation officer;;
oceaniczny;8;adj;2;ocean-going;transoceaniczny;
przegl¹d;8;n;2;overview;;
³ódŸ motorowa;8;n;2;powerboat;;
nabrze¿e;8;n;3;quay;keja;
rampa;8;n;1;ramp;;
nag³y;8;adj;2;rapid;;
statek rzeczny;8;n;2;river craft;;
rorowiec;8;n;3;roll-on/roll-off;statek typu RO-RO;
dno morza;8;n;2;seabed;;
rufa;8;n;3;stern;;
dwukad³ubowy poduszkowiec;8;n;3;surface-effect ship;;
zostaæ, staæ siê ;8;v;1;to become;;
cumowaæ;8;v;3;to berth;;
przekonaæ kogoœ;8;v;1;to persuade;namówiæ kogoœ;
wyprostowaæ;8;v;2;to straighten;;
odchyliæ;8;v;2;to tilt;przechyliæ;
poszerzyæ;8;v;2;to widen;;
przedsiêwziêcie;8;n;2;undertaking;;
bezza³ogowy;8;adj;2;unmanned;;
ró¿norodnoœæ;8;n;2;variety;;
okrêt;8;n;2;vessel;statek;
wodoszczelny;8;adj;1;water-tight;;
wiertacz pomocniczy;9;n;2;assistant driller;;
œwider;9;n;2;bit;wiert³o;
otwór wiertniczy;9;n;3;borehole;;
sk³adnik;9;n;2;constituent;;
konwencjonalny;9;adj;1;conventional;;
wielokr¹¿ek górny sta³y;9;n;3;crown block;;
ropa naftowa nieprzetworzona;9;n;2;crude oil;;
usuwanie, likwidacja;9;n;3;disposal;;
wyci¹g wiertniczy;9;n;3;draw works;;
przewód wiertniczy;9;n;3;drill string;;
inspektor nadzoru wiertniczego;9;n;2;drilling superintendent;;
frakcja;9;n;1;fraction;u³amek;
platforma stacjonarna;9;n;2;gravity platform;platforma grawitacyjna;
pusty, wydr¹¿ony;9;adj;2;hollow;;
weglowodór;9;n;2;hydrocarbon;;
platforma samopodnoœna;9;n;3;jack-up rig;;
graniatka;9;n;3;kelly;;
benzyna;9;n;1;petrol;;
jednostka napêdowa;9;n;2;power plant;zespó³ silnikowy;
obrotowa wie¿a wiertnicza;9;n;3;rotary derrick;;
doœwiadczony pracownik fizyczny;9;n;3;roughneck;;
niewykwalifikowany pracownik fizyczny;9;n;3;roustabout;;
pó³zanurzalny;9;adj;3;semi-submersible ;;
p³ytki (przym.);9;adj;2;shallow;;
bezpieczne, os³oniête wody;9;n;3;sheltered waters;;
szczelina;9;n;2;slot;otwór;
platforma typu SPAR;9;n;2;spar platform;;
kwadratowy;9;adj;1;square;;
stabilnoœæ;9;n;1;stability;równowaga;
stalowy;9;adj;1;steel;;
g³owica p³uczkowa;9;n;3;swivel;;
platforma pionowo kotwiczona;9;n;3;tension leg platform;;
zmieniæ;9;v;2;to alter;przerobiæ;
skraplaæ (siê);9;v;2;to condense;;
sk³adaæ siê z;9;v;2;to consist of;;
zajmowaæ siê czymœ;9;v;1;to deal with;;
uzasadniæ;9;v;2;to justify;;
opuœciæ, obni¿yæ;9;v;1;to lower;;
smarowaæ;9;v;2;to lubricate;;
cumowaæ;9;v;3;to moor;;
podnieœæ;9;v;2;to raise;;
usun¹æ;9;v;2;to remove;;
gromadziæ;9;v;2;to store;przechowywaæ;
parowaæ;9;v;2;to vaporize;;
holowanie;9;n;2;towing;;
wielokr¹¿ek ruchomy;9;n;3;travelling block;;
stó³ obrotowy;9;n;2;turntable;;
okres u¿ytkowania;9;n;3;useful life;czas eksploatacji;
para, opary;9;n;2;vapour;;
odwiert;9;n;2;well;szyb wiertniczy;
urz¹dzenie napowietrzaj¹ce;10;n;2;aerator;;
naniesiony;10;adj;3;alluvial;;
aluminium;10;n;1;aluminium;;
ocena, oszacowanie;10;n;2;assessment;;
biopaliwo;10;n;1;biodiesel;;
rezerwat ptaków;10;n;1;bird reserve;;
chlor;10;n;3;chlorine;;
czynnik koaguluj¹cy, koagulant;10;n;2;coagulant;;
pêkniêcie;10;n;2;crack;;
œcie¿ka rowerowa;10;n;2;cycle route;;
niedowierzanie;10;n;2;disbelief;;
odp³yw, drena¿;10;n;3;drain;;
wydajnoœæ;10;n;2;efficiency;;
nadmiar;10;n;3;excess;;
¿yzny, urodzajny;10;adj;2;fertile;;
filtracja;10;n;1;filtration;;
oczyszczanie gazów spalinowych;10;n;3;flue gas treatment;;
fluorek;10;n;3;fluoride;;
œcie¿ka, dró¿ka;10;n;2;footpath;;
brygadzista;10;n;2;foreman;;
woda s³odka;10;n;2;fresh water;;
¿wir, piasek gruboziarnisty;10;n;3;grit;;
siedlisko, naturalne œrodowisko;10;n;3;habitat;;
nieczystoœci;10;n;2;impurities;;
innowacyjny, nowatorski;10;adj;2;innovative;;
sk³adowisko odpadów;10;n;2;landfill;wysypisko œmieci;
lokalnie;10;adv;1;locally;;
mikrosito;10;n;3;microstrainer;;
bezwonny;10;adj;3;odour-free;;
trwaj¹cy, ci¹g³y;10;adj;2;on-going;;
cz¹steczka;10;n;2;particle;;
patogen;10;n;2;pathogen;;
podyplomowy;10;adj;3;postgraduate;;
propozycja;10;n;2;proposal;;
oczyszczanie;10;n;2;purification;;
rekultywacja;10;n;3;remediation;;
zbiornik, rezerwuar;10;n;2;reservoir;;
skala;10;n;1;scale;;
zbiornik osadowy;10;n;3;sedimentation tank;;
osadnik;10;n;3;settling basin;;
oczyszczanie œcieków;10;n;3;sewage treatment;;
znaczny, istotny;10;adj;2;significant;;
osad;10;n;3;sludge;szlam;
utylizacja odpadów sta³ych;10;n;3;solid waste management;;
siarczan;10;n;3;sulphate;;
zrównowa¿ony, stabilny;10;adj;3;sustainable;obojêtny dla œrodowiska;
bezsmakowy;10;adj;3;taste-free;;
ustawiæ pod k¹tem;10;v;2;to angle;;
przeprosiæ;10;v;2;to apologise;;
zastosowaæ;10;v;2;to apply;;
doje¿d¿aæ codziennie;10;v;2;to commute;;
potwierdziæ;10;v;2;to confirm;;
dezynfekowaæ;10;v;1;to disinfect;;
szkodziæ, krzywdziæ;10;v;2;to harm;;
przepe³niæ (siê), przelaæ (siê);10;v;2;to overflow;;
oczyszczaæ;10;v;2;to purify;;
zredukowaæ;10;v;1;to reduce;;
dokonaæ przegl¹du, inspekcji;10;v;2;to review;;
zabezpieczyæ, chroniæ;10;v;3;to safeguard;;
przesiewaæ;10;v;3;to screen;;
osiadaæ, wytr¹caæ siê;10;v;2;to settle;;
dzieliæ siê czymœ;10;v;2;to share;;
opryskaæ;10;v;2;to spray;;
próchnica zêbów;10;n;3;tooth decay;;
tramwaj;10;n;1;tram;;
ga³¹zka;10;n;3;twig;;
wentylacja;10;n;1;ventilation;;
kurtyna wodna;10;n;1;water curtain;;
obszar podmok³y;10;n;2;wetland;mokrad³o;
ramiê;11;n;1;arm;;
balans;11;n;1;balance;;
mózg;11;n;1;brain;;
zderzak;11;n;2;bumper;;
g¹sienice pojazdu;11;n;3;caterpillar tracks;;
ska¿enie;11;n;3;contamination;zanieczyszczenie;
brud;11;n;1;dirt;;
spadek;11;n;2;drop;kropla;
prowadnice elektroniczne;11;n;3;electronic tracks;;
ca³kowity, ca³y;11;adj;2;entire;;
eksperymentalny;11;adj;1;experimental;;
krañcowy, skrajny;11;adj;2;extreme;;
paliwo;11;n;2;fuel;;
delikatnie;11;adv;2;gently;;
czujnik ciep³a;11;n;2;heat sensor;;
naciêcie;11;n;3;incision;;
niesamowicie, niewiarygodnie;11;adv;2;incredibly;;
przemys³owy;11;adj;2;industrial;;
podczerwieñ;11;n;3;infrared;;
mechanizacja;11;n;1;mechanization;;
ruchomy;11;adj;2;movable;;
przeszkoda;11;n;2;obstacle;;
rozrusznik serca;11;n;3;pacemaker;;
szczypce;11;n;3;pincers;;
zasilacz;11;n;2;power pack;;
robotyka;11;n;1;robotics;;
system czujników;11;n;2;sensory system;;
ssanie;11;n;2;suction;;
nag³y;11;adj;2;sudden;;
operacja chirurgiczna;11;n;2;surgery;;
mrugaæ;11;v;3;to blink;;
wykryæ;11;v;2;to detect;;
wywieraæ;11;v;3;to exert;;
dostarczaæ, wprowadzaæ dane;11;v;3;to feed;karmiæ;
wierciæ siê;11;v;3;to fidget;;
nawigowaæ;11;v;1;to navigate;;
sondowaæ;11;v;3;to probe;przeszukiwaæ, badaæ;
przypominaæ coœ wygl¹dem;11;v;2;to resemble;;
cofaæ pojazd;11;v;3;to reverse;;
dotyk;11;n;1;touch;;
leczenie;11;n;2;treatment;traktowanie;
odkurzacz;11;n;2;vacuum cleaner;;
wibracja;11;n;1;vibration;;
stop metali;12;n;3;alloy;;
antena;12;n;1;antenna;;
punkt wrzenia;12;n;2;boiling point;;
szkielet konstrukcji;12;n;3;carcass;;
p³ycina drzwi;12;n;3;central panel;;
komora;12;n;2;chamber;;
p³yta wiórowa;12;n;3;chipboard;;
zacisk, klamerka, klips;12;n;3;clip;;
œwietlówka;12;n;3;compact fluorescent bulb;;
zgodny, kompatybilny z;12;adj;1;compatible with;;
sterowanie numeryczne;12;n;2;computer numeric control;;
fotograficzna ramka cyfrowa;12;n;2;digital photo frame;;
okleinowanie obrze¿y;12;n;3;edgebanding;wykañczanie krawêdzi;
czajnik elektryczny;12;n;1;electric kettle;;
elektroda;12;n;1;electrode;;
parowanie (zmiana stanu skupienia);12;n;2;evaporation;;
zawór rozprê¿ny;12;n;3;expansion valve;;
okucie;12;n;3;fitting;;
schemat blokowy;12;n;3;flowchart;;
format;12;n;1;format;;
bezszronowy;12;adj;3;frost-free;;
granit;12;n;1;granite;;
wê¿ownica wymiennika ciep³a;12;n;3;heat exchange coil;;
zawias;12;n;3;hinge;;
gospodarstwo domowe;12;n;3;household;;
wizerunek, obraz;12;n;2;image;;
wp³yw;12;n;2;impact;;
lampa ¿arowa;12;n;3;incandescent light bulb;¿arówka tradycyjna;
pokrêt³o, ga³ka;12;n;2;knob;;
podrêcznik;12;n;2;manual;;
marmur;12;n;2;marble;;
materia³;12;n;1;material;;
p³yta pilœniowa œredniej gêstoœci;12;n;3;medium density fibreboard;;
pokryty melamin¹;12;adj;3;melamine-coated;;
rtêæ;12;n;2;mercury;;
drzwi profilowane, frezowane;12;n;2;moulded door;;
normalnie;12;adv;1;normally;;
produkt;12;n;1;product;;
ramiak poziomy;12;n;3;rail;szyna;
substancja ch³odz¹ca;12;n;3;refrigerant;;
chropowatoœæ;12;n;3;roughness;;
drzwi p³ytowe;12;n;2;slab door;;
³upek (ska³a);12;n;3;slate;;
lite drewno;12;n;2;solid wood;;
pod³u¿nica, ramiak pionowy;12;n;3;stile;;
pasek;12;n;2;strip;;
kran;12;n;2;tap;;
termostat;12;n;1;thermostat;;
wy³¹cznik czasowy;12;n;2;timer;;
poch³aniaæ;12;v;2;to absorb;;
rzeŸbiæ, wycinaæ;12;v;2;to carve;;
oziêbiaæ;12;v;1;to cool;;
szlifowaæ, polerowaæ;12;v;3;to denib;;
jarzyæ siê;12;v;2;to glow;;
zanurzyæ;12;v;2;to immerse;;
topiæ siê (zmiana stanu skupienia);12;v;2;to melt;;
œciskaæ;12;v;2;to squeeze;;
wa¿yæ;12;v;2;to weigh;;
targi handlowe;12;n;2;trade fair;;
pokryty foli¹ winylow¹;12;adj;3;vinyl-wrapped;;
moc w watach;12;n;3;wattage;;
blat kuchenny;12;n;3;worktop;powierzchnia robocza;
akustyczny;13;adj;1;acoustic;;
sojusznik;13;n;2;ally;;
analityk;13;n;2;analyst;;
pojazd opancerzony;13;n;2;armoured vehicle;;
os³ona balistyczna;13;n;2;ballistic cover;;
ewakuacja z pola walki;13;n;3;battlefield extraction;;
dziób statku;13;n;2;bow;;
w³ókno wêglowe;13;n;3;carbon fibre;;
konflikt;13;n;1;conflict;;
przeciwdzia³anie;13;n;2;countermeasure;œrodek zaradczy;
kopu³a;13;n;3;cupola;;
wykrycie;13;n;1;detection;;
otwór wylotowy spalin;13;n;3;exhaust outlet;;
¿elazny;13;adj;2;ferrous;;
œwiat³owód;13;n;3;fibre optic cable;;
pianka;13;n;3;foam;;
sk³adany wysiêgnik;13;n;3;folding boom;;
k³adka;13;n;2;footbridge;;
oœlepiaj¹ce œwiat³o, b³ysk;13;n;2;glare;;
chwytak;13;n;3;gripper;;
pocisk kierowany;13;n;2;guided missile;;
przystañ;13;n;3;harbour;;
wrogi;13;adj;2;hostile;;
kad³ub;13;n;3;hull;;
nieskuteczny;13;adj;2;ineffective;;
uk³ad scalony;13;n;2;integrated circuit;;
niska wykrywalnoœæ magnetyczna;13;n;3;low magnetic signature;;
niska wykrywalnoœæ radarowa;13;n;3;low radar signature;;
maszt;13;n;1;mast;;
mina (³adunek wybuchowy);13;n;1;mine;;
pocisk rakietowy;13;n;2;missile;;
dzia³ko wielozadaniowe;13;n;2;multi-purpose gun;;
broñ obezw³adniaj¹ca;13;n;3;non-lethal weapon;;
przeciwnik;13;n;2;opponent;;
patrolowanie, nadzorowanie;13;n;2;policing;;
pozycja le¿¹ca;13;n;3;prone position;;
radar;13;n;1;radar;;
karabin;13;n;2;rifle;;
sztywny;13;adj;3;rigid;;
zamieszki uliczne;13;n;3;riot;;
nabój;13;n;2;round;;
sceptyczny;13;adj;1;sceptical;;
zwiadowca;13;n;2;scout;;
tarcza;13;n;2;shield;;
sonar;13;n;1;sonar;;
dŸwiêkoszczelny;13;adj;3;soundproof;;
szpula;13;n;2;spool;;
niewykrywalny samolot;13;n;3;stealth aircraft;;
wy¿szoœæ, przewaga;13;n;2;superiority;;
obserwacja;13;n;2;surveillance;;
ster strumieniowy;13;n;3;thruster;;
unikaæ;13;v;2;to avoid;;
klasyfikowaæ;13;v;1;to classify;;
ukryæ;13;v;2;to conceal;;
unieruchomiæ, uszkodziæ;13;v;2;to cripple;;
galwanizowaæ;13;n;3;to electroplate;powlekaæ elektrolitycznie;
obezw³adniæ;13;v;3;to incapacitate;;
minimalizowaæ;13;v;1;to minimize;;
ratowaæ;13;v;2;to rescue;;
wyzwoliæ, uruchomiæ;13;v;3;to trigger;;
nara¿ony;13;adj;2;vulnerable;;
okrêt wojenny;13;n;1;warship;;
urz¹dzenie do ciêcia wod¹;13;n;3;water jet;;
pêdnik wodnoodrzutowy;13;n;3;waterjet propulsor;;
m³yn wodny;13;n;2;watermill;;
ranny;13;adj;2;wounded;;
obiektyw zmienno-ogniskowy;13;n;2;zoom lens;;
wzmacniacz;14;n;3;amplifier;;
kondensator zmienny;14;n;3;variable capacitor;;
dioda;14;n;1;diode;;
opornik;14;n;3;resistor;rezystor;
bramka logiczna;14;n;2;logic gate;;
przekaŸnik;14;n;3;relay;;
tranzystor;14;n;1;transistor;;
³¹cznik elektryczny;14;n;2;switch;;
jednopobiegunowy;14;adj;3;single-pole;;
jednopozycyjny;14;adj;3;single-throw;;
wy³¹cznik elektryczny;14;n;3;single-pole single-throw switch;;
potencjometr;14;n;1;potentiometer;;
obwód;14;n;2;circuit;;
kolektor tranzystora;14;n;2;collector;;
emiter tranzystora;14;n;2;emitter;;
baza tranzystora;14;n;2;base;;
opornoœæ;14;n;2;resistance;;
mróz;14;n;2;frost;;
termistor;14;n;1;thermistor;;
czu³y;14;adj;2;sensitive;;
iskrzenie;14;n;2;sparking;;
brzêczyk;14;n;2;buzzer;;
krzem;14;n;2;silicon;;
german;14;n;3;germanium;;
binarny;14;adj;1;binary;;
cyfra;14;n;2;digit;;
lit;14;n;2;lithium;;
pó³przewodnik;14;n;3;semiconductor;;
wy³¹cznik ró¿nicowo-pr¹dowy;14;n;3;residual current device;;
uruchomiæ, aktywowaæ;14;v;3;to trip;;
elektromagnes;14;n;1;electromagnet;;
próbnik;14;n;2;logic probe;;
latarnia morska;14;n;2;lighthouse;;
pr¹d sta³y;14;n;3;direct current;;
pr¹d zmienny;14;n;3;alternate current;;
urz¹dzenie pó³przewodnikowe;14;n;2;solid state device;;
zaprzestaæ, porzuciæ;14;v;2;to give up;;
radioalatarnia;14;n;3;radio beacon;;
boja;14;n;2;buoy;;
reflektor;14;n;1;reflector;;
dok³adny;14;adj;2;accurate;;
odleg³y;14;adj;2;remote;;
cewka;14;n;3;inductor;;
cienki;14;adj;1;thin;;
gruboœæ;14;n;2;thickness;;
wartoœæ;14;n;2;value;;
uprzednio nastawiony, domyœlny;14;adj;2;pre-set;;
wilgotny;14;adj;3;damp;;
z³¹cze pó³przewodnikowe npn;14;n;3;npn junction;;
wzbudziæ, uruchomiæ;14;v;3;to actuate;;
dostosowaæ, wyregulowaæ;14;v;2;to adjust;;
roz³adowaæ, wy³adowaæ (elektrycznie);14;v;2;to discharge;;
indukowaæ;14;v;2;to induce;;
modulowaæ;14;v;1;to modulate;;
zmniejszyæ/zwiêkszyæ;14;v;2;to step down/up;;
czêstotliwoœæ;14;n;2;frequency;;
transformator;14;n;1;transformer;;
strumieñ indukcji magnetycznej;14;n;3;magnetic flux;;
uzwojenie wtórne;14;n;3;secondary coil;;
oscylator;14;n;1;oscillator;;
znaj¹cy siê na rzeczy;14;adj;2;knowledgeable;;
przekonuj¹cy;14;adj;2;convincing;;
kontakt wzrokowy;14;n;1;eye contact;;
styk;14;n;2;contact;;
napiêcie elektryczne;14;n;2;voltage;;
zainstalowaæ;15;v;1;to install;;
satysfakcja;15;n;1;satisfaction;;
punkt, kropka;15;n;1;point;;
deska do prasowania;15;n;1;ironing board;;
konstruktywny;15;adj;1;constructive;;
sektor;15;n;1;sector;;
etap;15;n;2;stage;;
projektant sieci;15;n;2;network designer;;
przyst¹piæ do egzaminów;15;v;2;to sit exams;;
œcie¿ka;15;n;2;path;;
wspinaæ siê;15;v;2;to climb;;
ci¹gle, stale;15;adv;2;constantly;;
wprowadziæ coœ ;15;v;2;to introduce;przedstawiæ kogoœ;
dostawca;15;n;2;supplier;;
list motywacyjny;15;n;2;covering letter;;
lista kontrolna;15;n;2;checklist;;
si³a;15;n;2;strength;;
s³aboœæ;15;n;2;weakness;;
osoba ubiegaj¹ca siê o coœ;15;n;2;applicant;;
rozwa¿yæ;15;v;2;to consider;;
szczêœliwy, pomyœlny;15;adj;2;fortunate;;
wartoœciowy;15;adj;2;valuable;;
termin koñcowy, ostateczny;15;n;2;deadline;;
podejœcie;15;n;2;attitude;;
doceniaæ;15;v;2;to appreciate;;
centrala telefoniczna;15;n;3;telephone exchange;;
s³up;15;n;3;pole;tyczka;
uczestnictwo;15;n;3;attendance;;
wielozadaniowoœæ;15;n;3;multitasking;;
firmowa wizyta rekrutacyjna na uczelni;15;n;3;milk round;;
praktyczny, bezpoœredni;15;adj;3;hands-on;;
wdro¿yæ;15;v;3;to implement;;
sumienny;15;adj;3;conscientious;;
opatrzyæ notatkami, objaœnieniami;15;v;3;to annotate;;
punkt kluczowy;15;n;1;key point;;
decydent;15;n;3;decision maker;;
rzucaæ kostk¹ (do gry);15;v;3;to roll the dice;;
energia;15;n;1;energy;;
instrukcja;15;n;1;instruction;;
kandydat;15;n;1;candidate;;
